bid,from_sh,to_sh,gfa_before,gfa_after,h_before,h_after,area,weakness
423,resident,developer,2169.97,11449.17,6.0,31.66,361.7,0.6981
424,resident,developer,3606.96,19030.95,6.0,31.66,601.2,0.6981
610,resident,developer,307.05,1620.04,6.0,31.66,51.2,0.6981
256,resident,developer,4408.11,13954.77,12.0,37.99,367.3,0.6349
117,resident,developer,2450.12,6463.62,12.0,31.66,204.2,0.6033
168,resident,developer,829.49,2188.28,12.0,31.66,69.1,0.6033
195,resident,developer,7480.67,19734.67,12.0,31.66,623.4,0.6033
197,resident,developer,6129.82,16171.01,12.0,31.66,510.8,0.6033
290,resident,developer,6031.62,15911.95,12.0,31.66,502.6,0.6033
292,resident,developer,5896.54,15555.59,12.0,31.66,491.4,0.6033
293,resident,developer,6202.65,16363.13,12.0,31.66,516.9,0.6033
376,resident,developer,1439.81,3798.33,12.0,31.66,120.0,0.6033
417,resident,developer,1275.82,3365.73,12.0,31.66,106.3,0.6033
425,resident,developer,3328.25,8780.22,12.0,31.66,277.4,0.6033
444,resident,developer,2788.64,7356.68,12.0,31.66,232.4,0.6033
621,resident,developer,4203.05,11088.03,12.0,31.66,350.3,0.6033
641,resident,developer,2894.14,7634.99,12.0,31.66,241.2,0.6033
658,resident,developer,8098.09,21363.48,12.0,31.66,674.8,0.6033
781,resident,developer,5611.13,14802.66,12.0,31.66,467.6,0.6033
863,resident,developer,1417.75,3740.15,12.0,31.66,118.1,0.6033
698,resident,developer,4824.46,12727.34,12.0,31.66,402.0,0.589
667,resident,developer,2354.71,6211.94,12.0,31.66,196.2,0.5605
494,resident,developer,7340.59,15492.09,18.0,37.99,407.8,0.5559
502,resident,developer,4556.76,9616.91,18.0,37.99,253.2,0.5559
513,resident,developer,7750.71,16357.65,18.0,37.99,430.6,0.5488
187,resident,developer,7564.57,13304.01,18.0,31.66,420.3,0.5157
807,resident,developer,7990.84,14053.69,18.0,31.66,443.9,0.5157
72,resident,developer,2110.88,3712.45,18.0,31.66,117.3,0.5086
75,resident,developer,13521.89,23781.29,18.0,31.66,751.2,0.5086
110,resident,developer,3193.84,5617.1,18.0,31.66,177.4,0.5086
155,resident,developer,7463.84,13126.84,18.0,31.66,414.7,0.5086
173,resident,developer,9727.21,17107.49,18.0,31.66,540.4,0.5086
182,resident,developer,5779.49,10164.53,18.0,31.66,321.1,0.5086
192,resident,developer,7119.82,12521.82,18.0,31.66,395.5,0.5086
283,resident,developer,5359.47,9425.84,18.0,31.66,297.7,0.5086
296,resident,developer,9599.73,16883.28,18.0,31.66,533.3,0.5086
299,resident,developer,13965.43,24561.36,18.0,31.66,775.9,0.5086
334,resident,developer,7370.5,12962.68,18.0,31.66,409.5,0.5086
356,resident,developer,13222.4,23254.56,18.0,31.66,734.6,0.5086
360,resident,developer,8223.2,14462.36,18.0,31.66,456.8,0.5086
365,resident,developer,7770.06,13665.4,18.0,31.66,431.7,0.5086
367,resident,developer,7513.1,13213.48,18.0,31.66,417.4,0.5086
372,resident,developer,8551.55,15039.82,18.0,31.66,475.1,0.5086
373,resident,developer,7927.61,13942.48,18.0,31.66,440.4,0.5086
428,resident,developer,6826.25,12005.49,18.0,31.66,379.2,0.5086
430,resident,developer,6867.09,12077.32,18.0,31.66,381.5,0.5086
431,resident,developer,6930.16,12188.25,18.0,31.66,385.0,0.5086
432,resident,developer,6718.84,11816.59,18.0,31.66,373.3,0.5086
434,resident,developer,6861.7,12067.84,18.0,31.66,381.2,0.5086
436,resident,developer,11344.62,19952.07,18.0,31.66,630.3,0.5086
449,resident,developer,13458.09,23669.08,18.0,31.66,747.7,0.5086
496,resident,developer,5828.64,10250.98,18.0,31.66,323.8,0.5086
498,resident,developer,11843.19,20828.92,18.0,31.66,658.0,0.5086
499,resident,developer,5984.3,10524.75,18.0,31.66,332.5,0.5086
503,resident,developer,13624.64,23962.01,18.0,31.66,756.9,0.5086
504,resident,developer,7189.01,12643.5,18.0,31.66,399.4,0.5086
506,resident,developer,3143.55,5528.65,18.0,31.66,174.6,0.5086
516,resident,developer,6046.86,10634.76,18.0,31.66,335.9,0.5086
518,resident,developer,6891.6,12120.43,18.0,31.66,382.9,0.5086
523,resident,developer,10094.52,17753.48,18.0,31.66,560.8,0.5086
528,resident,developer,7627.79,13415.19,18.0,31.66,423.8,0.5086
535,resident,developer,11124.12,19564.28,18.0,31.66,618.0,0.5086
536,resident,developer,6386.42,11231.96,18.0,31.66,354.8,0.5086
537,resident,developer,10475.85,18424.15,18.0,31.66,582.0,0.5086
538,resident,developer,8226.49,14468.15,18.0,31.66,457.0,0.5086
540,resident,developer,10323.25,18155.77,18.0,31.66,573.5,0.5086
545,resident,developer,3674.02,6461.59,18.0,31.66,204.1,0.5086
548,resident,developer,6259.09,11008.02,18.0,31.66,347.7,0.5086
549,resident,developer,6653.33,11701.38,18.0,31.66,369.6,0.5086
551,resident,developer,6040.29,10623.22,18.0,31.66,335.6,0.5086
553,resident,developer,11369.01,19994.97,18.0,31.66,631.6,0.5086
555,resident,developer,9289.04,16336.87,18.0,31.66,516.1,0.5086
576,resident,developer,9626.95,16931.16,18.0,31.66,534.8,0.5086
577,resident,developer,9626.72,16930.76,18.0,31.66,534.8,0.5086
578,resident,developer,9943.72,17488.27,18.0,31.66,552.4,0.5086
579,resident,developer,9047.08,15911.34,18.0,31.66,502.6,0.5086
619,resident,developer,10656.73,18742.27,18.0,31.66,592.0,0.5086
620,resident,developer,4068.12,7154.7,18.0,31.66,226.0,0.5086
819,resident,developer,7755.36,13639.54,18.0,31.66,430.9,0.5086
851,resident,developer,26609.18,46798.24,18.0,31.66,1478.3,0.5086
879,resident,developer,2836.93,4989.38,18.0,31.66,157.6,0.5086
1040,resident,developer,3048.07,5360.71,18.0,31.66,169.3,0.5086
1044,resident,developer,10072.08,17714.02,18.0,31.66,559.6,0.5086
1046,resident,developer,11077.74,19482.7,18.0,31.66,615.4,0.5086
1049,resident,developer,8954.01,15747.65,18.0,31.66,497.4,0.5086
1051,resident,developer,8022.67,14109.67,18.0,31.66,445.7,0.5086
1052,resident,developer,8356.5,14696.78,18.0,31.66,464.2,0.5086
1053,resident,developer,2960.38,5206.5,18.0,31.66,164.5,0.5086
1054,resident,developer,7948.88,13979.9,18.0,31.66,441.6,0.5086
1055,resident,developer,8381.17,14740.17,18.0,31.66,465.6,0.5086
1057,resident,developer,7673.35,13495.32,18.0,31.66,426.3,0.5086
1062,resident,developer,8965.46,15767.78,18.0,31.66,498.1,0.5086
1063,resident,developer,16471.22,28968.35,18.0,31.66,915.1,0.5086
1064,resident,developer,10107.79,17776.83,18.0,31.66,561.5,0.5086
1065,resident,developer,5652.82,9941.75,18.0,31.66,314.0,0.5086
1066,resident,developer,7809.54,13734.83,18.0,31.66,433.9,0.5086
1067,resident,developer,9971.13,17536.48,18.0,31.66,554.0,0.5086
1068,resident,developer,19907.26,35011.41,18.0,31.66,1106.0,0.5086
1071,resident,developer,14903.39,26210.97,18.0,31.66,828.0,0.5086
320,resident,developer,31075.98,54654.12,18.0,31.66,1726.4,0.5014
511,resident,developer,6118.9,10761.46,18.0,31.66,339.9,0.5014
539,resident,developer,5374.76,9452.73,18.0,31.66,298.6,0.5014
572,resident,developer,22401.33,39397.78,18.0,31.66,1244.5,0.4871
674,resident,developer,7993.97,14059.19,18.0,31.66,444.1,0.4728
675,resident,developer,7583.38,13337.09,18.0,31.66,421.3,0.4728
776,resident,developer,5910.63,10395.17,18.0,31.66,328.4,0.4728
655,resident,developer,3843.24,6759.21,18.0,31.66,213.5,0.4657
51,resident,developer,2254.14,14271.86,6.0,37.99,375.7,0.421
83,resident,developer,1004.42,6359.37,6.0,37.99,167.4,0.421
311,resident,developer,220.56,1396.43,6.0,37.99,36.8,0.421
56,resident,developer,9240.99,12189.28,24.0,31.66,385.0,0.4138
57,resident,developer,9186.96,12118.0,24.0,31.66,382.8,0.4138
60,resident,developer,7214.37,9516.07,24.0,31.66,300.6,0.4138
61,resident,developer,8370.02,11040.42,24.0,31.66,348.8,0.4138
63,resident,developer,6343.14,8366.89,24.0,31.66,264.3,0.4138
64,resident,developer,7214.33,9516.01,24.0,31.66,300.6,0.4138
65,resident,developer,6882.58,9078.43,24.0,31.66,286.8,0.4138
76,resident,developer,5818.2,7674.46,24.0,31.66,242.4,0.4138
85,resident,developer,9623.32,12693.59,24.0,31.66,401.0,0.4138
113,resident,developer,7117.23,9387.94,24.0,31.66,296.6,0.4138
134,resident,developer,5301.33,6992.68,24.0,31.66,220.9,0.4138
138,resident,developer,3354.3,4424.46,24.0,31.66,139.8,0.4138
157,resident,developer,10557.13,13925.32,24.0,31.66,439.9,0.4138
172,resident,developer,5586.05,7368.25,24.0,31.66,232.8,0.4138
174,resident,developer,19666.63,25941.15,24.0,31.66,819.4,0.4138
175,resident,developer,11028.66,14547.29,24.0,31.66,459.5,0.4138
188,resident,developer,10076.57,13291.44,24.0,31.66,419.9,0.4138
216,resident,developer,9028.56,11909.07,24.0,31.66,376.2,0.4138
221,resident,developer,7111.11,9379.86,24.0,31.66,296.3,0.4138
222,resident,developer,13698.89,18069.44,24.0,31.66,570.8,0.4138
279,resident,developer,11444.48,15095.77,24.0,31.66,476.9,0.4138
286,resident,developer,4947.47,6525.94,24.0,31.66,206.1,0.4138
352,resident,developer,14829.54,19560.82,24.0,31.66,617.9,0.4138
358,resident,developer,12437.57,16405.71,24.0,31.66,518.2,0.4138
361,resident,developer,6222.69,8208.0,24.0,31.66,259.3,0.4138
374,resident,developer,9797.61,12923.48,24.0,31.66,408.2,0.4138
394,resident,developer,12795.41,16877.72,24.0,31.66,533.1,0.4138
399,resident,developer,11767.27,15521.55,24.0,31.66,490.3,0.4138
401,resident,developer,6962.42,9183.74,24.0,31.66,290.1,0.4138
407,resident,developer,26077.65,34397.57,24.0,31.66,1086.6,0.4138
411,resident,developer,8937.33,11788.73,24.0,31.66,372.4,0.4138
416,resident,developer,8201.59,10818.26,24.0,31.66,341.7,0.4138
435,resident,developer,6670.17,8798.25,24.0,31.66,277.9,0.4138
571,resident,developer,5898.13,7779.89,24.0,31.66,245.8,0.4138
573,resident,developer,5814.3,7669.32,24.0,31.66,242.3,0.4138
574,resident,developer,6597.65,8702.59,24.0,31.66,274.9,0.4138
594,resident,developer,11358.4,14982.24,24.0,31.66,473.3,0.4138
611,resident,developer,5437.56,7172.38,24.0,31.66,226.6,0.4138
612,resident,developer,4472.01,5898.78,24.0,31.66,186.3,0.4138
618,resident,developer,13552.88,17876.85,24.0,31.66,564.7,0.4138
626,resident,developer,4985.78,6576.47,24.0,31.66,207.7,0.4138
639,resident,developer,5314.23,7009.7,24.0,31.66,221.4,0.4138
671,resident,developer,38679.16,51019.52,24.0,31.66,1611.6,0.4138
692,resident,developer,11302.59,14908.61,24.0,31.66,470.9,0.4138
725,resident,developer,10058.53,13267.65,24.0,31.66,419.1,0.4138
729,resident,developer,8429.54,11118.94,24.0,31.66,351.2,0.4138
731,resident,developer,8083.64,10662.67,24.0,31.66,336.8,0.4138
775,resident,developer,24388.0,32168.84,24.0,31.66,1016.2,0.4138
780,resident,developer,4238.93,5591.34,24.0,31.66,176.6,0.4138
952,resident,developer,12757.58,16827.81,24.0,31.66,531.6,0.4138
955,resident,developer,12215.03,16112.17,24.0,31.66,509.0,0.4138
1032,resident,developer,11225.92,14807.49,24.0,31.66,467.7,0.4138
7,resident,developer,581.5,3068.1,6.0,31.66,96.9,0.4052
20,resident,developer,575.08,3034.25,6.0,31.66,95.8,0.4052
23,resident,developer,1361.67,7184.4,6.0,31.66,226.9,0.4052
35,resident,developer,1223.21,6453.87,6.0,31.66,203.9,0.4052
84,resident,developer,196.85,1038.59,6.0,31.66,32.8,0.4052
159,resident,developer,1020.59,5384.79,6.0,31.66,170.1,0.4052
193,resident,developer,880.42,4645.23,6.0,31.66,146.7,0.4052
208,resident,developer,1158.58,6112.89,6.0,31.66,193.1,0.4052
213,resident,developer,524.16,2765.56,6.0,31.66,87.4,0.4052
242,resident,developer,3256.72,17183.01,6.0,31.66,542.8,0.4052
351,resident,developer,423.78,2235.94,6.0,31.66,70.6,0.4052
354,resident,developer,436.57,2303.41,6.0,31.66,72.8,0.4052
438,resident,developer,3797.19,20034.66,6.0,31.66,632.9,0.4052
447,resident,developer,1901.94,10034.98,6.0,31.66,317.0,0.4052
525,resident,developer,1246.86,6578.66,6.0,31.66,207.8,0.4052
526,resident,developer,1485.67,7838.66,6.0,31.66,247.6,0.4052
533,resident,developer,1976.71,10429.45,6.0,31.66,329.5,0.4052
604,resident,developer,592.2,3124.54,6.0,31.66,98.7,0.4052
609,resident,developer,419.14,2211.46,6.0,31.66,69.9,0.4052
617,resident,developer,1962.11,10352.42,6.0,31.66,327.0,0.4052
623,resident,developer,1022.52,5394.98,6.0,31.66,170.4,0.4052
656,resident,developer,699.0,3688.04,6.0,31.66,116.5,0.4052
657,resident,developer,2450.48,12929.17,6.0,31.66,408.4,0.4052
669,resident,developer,555.87,2932.84,6.0,31.66,92.6,0.4052
763,resident,developer,452.7,2388.55,6.0,31.66,75.5,0.4052
873,resident,developer,406.33,2143.86,6.0,31.66,67.7,0.4052
875,resident,developer,867.3,4576.03,6.0,31.66,144.6,0.4052
898,resident,developer,1062.26,5604.68,6.0,31.66,177.0,0.4052
1009,resident,developer,623.13,3287.76,6.0,31.66,103.9,0.4052
1035,resident,developer,2929.19,15454.91,6.0,31.66,488.2,0.4052
1042,resident,developer,620.45,3273.59,6.0,31.66,103.4,0.4052
1059,resident,developer,505.72,2668.25,6.0,31.66,84.3,0.4052
778,resident,developer,4249.94,5605.85,24.0,31.66,177.1,0.3995
531,resident,developer,11610.04,14701.59,30.0,37.99,387.0,0.398
636,resident,developer,4650.99,6134.85,24.0,31.66,193.8,0.3924
637,resident,developer,5475.1,7221.9,24.0,31.66,228.1,0.3924
805,resident,developer,7501.65,13193.35,18.0,31.66,416.8,0.38
219,resident,developer,18842.36,24853.9,24.0,31.66,785.1,0.3781
2,resident,developer,1389.08,4397.42,12.0,37.99,115.8,0.3421
243,resident,developer,6625.94,20975.77,12.0,37.99,552.2,0.3421
817,resident,developer,5732.35,10081.63,18.0,31.66,318.5,0.33
1,resident,developer,11209.69,11828.86,36.0,37.99,311.4,0.319
440,resident,developer,14713.57,15526.28,36.0,37.99,408.7,0.319
16,resident,developer,14656.07,15465.6,30.0,31.66,488.5,0.319
17,resident,developer,10654.82,11243.34,30.0,31.66,355.2,0.319
24,resident,developer,12030.65,12695.16,30.0,31.66,401.0,0.319
28,resident,developer,15174.6,16012.77,30.0,31.66,505.8,0.319
31,resident,developer,25908.49,27339.55,30.0,31.66,863.6,0.319
34,resident,developer,10518.75,11099.76,30.0,31.66,350.6,0.319
36,resident,developer,8179.9,8631.72,30.0,31.66,272.7,0.319
39,resident,developer,15174.85,16013.04,30.0,31.66,505.8,0.319
40,resident,developer,9642.5,10175.1,30.0,31.66,321.4,0.319
41,resident,developer,12517.94,13209.37,30.0,31.66,417.3,0.319
45,resident,developer,17115.82,18061.22,30.0,31.66,570.5,0.319
46,resident,developer,11666.43,12310.83,30.0,31.66,388.9,0.319
77,resident,developer,8412.25,8876.9,30.0,31.66,280.4,0.319
80,resident,developer,11865.67,12521.07,30.0,31.66,395.5,0.319
108,resident,developer,22427.11,23665.88,30.0,31.66,747.6,0.319
109,resident,developer,16653.68,17573.55,30.0,31.66,555.1,0.319
112,resident,developer,18485.03,19506.05,30.0,31.66,616.2,0.319
116,resident,developer,10583.05,11167.6,30.0,31.66,352.8,0.319
120,resident,developer,12075.49,12742.49,30.0,31.66,402.5,0.319
121,resident,developer,10407.58,10982.44,30.0,31.66,346.9,0.319
123,resident,developer,51698.7,54554.29,30.0,31.66,1723.3,0.319
128,resident,developer,7602.36,8022.28,30.0,31.66,253.4,0.319
132,resident,developer,5833.18,6155.38,30.0,31.66,194.4,0.319
135,resident,developer,28756.86,30345.25,30.0,31.66,958.6,0.319
136,resident,developer,8905.21,9397.1,30.0,31.66,296.8,0.319
139,resident,developer,9379.46,9897.54,30.0,31.66,312.6,0.319
143,resident,developer,14197.22,14981.41,30.0,31.66,473.2,0.319
146,resident,developer,13554.48,14303.17,30.0,31.66,451.8,0.319
147,resident,developer,24859.65,26232.78,30.0,31.66,828.7,0.319
177,resident,developer,23567.37,24869.12,30.0,31.66,785.6,0.319
210,resident,developer,17474.7,18439.92,30.0,31.66,582.5,0.319
225,resident,developer,15378.55,16227.99,30.0,31.66,512.6,0.319
226,resident,developer,44109.46,46545.86,30.0,31.66,1470.3,0.319
233,resident,developer,10631.67,11218.92,30.0,31.66,354.4,0.319
236,resident,developer,10572.16,11156.12,30.0,31.66,352.4,0.319
238,resident,developer,10923.41,11526.77,30.0,31.66,364.1,0.319
282,resident,developer,18084.84,19083.76,30.0,31.66,602.8,0.319
289,resident,developer,20105.33,21215.85,30.0,31.66,670.2,0.319
305,resident,developer,10577.26,11161.49,30.0,31.66,352.6,0.319
313,resident,developer,19183.05,20242.63,30.0,31.66,639.4,0.319
324,resident,developer,18578.19,19604.36,30.0,31.66,619.3,0.319
325,resident,developer,9760.52,10299.64,30.0,31.66,325.4,0.319
337,resident,developer,8479.4,8947.76,30.0,31.66,282.6,0.319
348,resident,developer,10061.86,10617.63,30.0,31.66,335.4,0.319
366,resident,developer,15100.41,15934.48,30.0,31.66,503.3,0.319
368,resident,developer,8497.53,8966.89,30.0,31.66,283.3,0.319
369,resident,developer,8388.17,8851.5,30.0,31.66,279.6,0.319
371,resident,developer,14087.29,14865.4,30.0,31.66,469.6,0.319
375,resident,developer,19314.18,20381.01,30.0,31.66,643.8,0.319
400,resident,developer,16006.37,16890.49,30.0,31.66,533.5,0.319
402,resident,developer,8155.95,8606.45,30.0,31.66,271.9,0.319
404,resident,developer,8155.41,8605.88,30.0,31.66,271.8,0.319
408,resident,developer,9669.08,10203.16,30.0,31.66,322.3,0.319
409,resident,developer,11527.31,12164.02,30.0,31.66,384.2,0.319
410,resident,developer,10128.23,10687.67,30.0,31.66,337.6,0.319
412,resident,developer,9978.92,10530.1,30.0,31.66,332.6,0.319
413,resident,developer,11199.45,11818.05,30.0,31.66,373.3,0.319
414,resident,developer,10451.45,11028.74,30.0,31.66,348.4,0.319
415,resident,developer,11399.22,12028.86,30.0,31.66,380.0,0.319
427,resident,developer,15178.31,16016.69,30.0,31.66,505.9,0.319
429,resident,developer,11486.62,12121.09,30.0,31.66,382.9,0.319
433,resident,developer,13436.43,14178.59,30.0,31.66,447.9,0.319
439,resident,developer,13806.05,14568.63,30.0,31.66,460.2,0.319
529,resident,developer,11884.47,12540.91,30.0,31.66,396.1,0.319
530,resident,developer,12917.63,13631.14,30.0,31.66,430.6,0.319
532,resident,developer,23266.16,24551.27,30.0,31.66,775.5,0.319
562,resident,developer,10373.56,10946.55,30.0,31.66,345.8,0.319
563,resident,developer,13003.45,13721.7,30.0,31.66,433.4,0.319
564,resident,developer,17736.77,18716.47,30.0,31.66,591.2,0.319
565,resident,developer,23037.83,24310.33,30.0,31.66,767.9,0.319
580,resident,developer,24980.67,26360.48,30.0,31.66,832.7,0.319
586,resident,developer,6688.62,7058.07,30.0,31.66,223.0,0.319
589,resident,developer,6825.54,7202.55,30.0,31.66,227.5,0.319
590,resident,developer,9153.26,9658.84,30.0,31.66,305.1,0.319
592,resident,developer,8269.63,8726.41,30.0,31.66,275.7,0.319
607,resident,developer,19850.19,20946.62,30.0,31.66,661.7,0.319
608,resident,developer,21395.15,22576.92,30.0,31.66,713.2,0.319
613,resident,developer,8095.79,8542.97,30.0,31.66,269.9,0.319
614,resident,developer,8031.71,8475.35,30.0,31.66,267.7,0.319
615,resident,developer,8442.15,8908.45,30.0,31.66,281.4,0.319
616,resident,developer,30665.57,32359.39,30.0,31.66,1022.2,0.319
627,resident,developer,12847.13,13556.74,30.0,31.66,428.2,0.319
640,resident,developer,25565.93,26978.07,30.0,31.66,852.2,0.319
660,resident,developer,10927.05,11530.61,30.0,31.66,364.2,0.319
663,resident,developer,32468.6,34262.01,30.0,31.66,1082.3,0.319
714,resident,developer,6317.54,6666.5,30.0,31.66,210.6,0.319
743,resident,developer,24416.67,25765.33,30.0,31.66,813.9,0.319
829,resident,developer,12104.6,12773.2,30.0,31.66,403.5,0.319
855,resident,developer,12564.59,13258.6,30.0,31.66,418.8,0.319
857,resident,developer,14697.12,15508.92,30.0,31.66,489.9,0.319
859,resident,developer,11827.21,12480.49,30.0,31.66,394.2,0.319
860,resident,developer,16291.6,17191.47,30.0,31.66,543.1,0.319
861,resident,developer,17986.56,18980.06,30.0,31.66,599.6,0.319
912,resident,developer,23724.4,25034.83,30.0,31.66,790.8,0.319
950,resident,developer,17154.65,18102.19,30.0,31.66,571.8,0.319
957,resident,developer,6832.64,7210.04,30.0,31.66,227.8,0.319
1012,resident,developer,12223.67,12898.85,30.0,31.66,407.5,0.319
1014,resident,developer,16441.93,17350.1,30.0,31.66,548.1,0.319
1015,resident,developer,13718.24,14475.97,30.0,31.66,457.3,0.319
1016,resident,developer,13977.07,14749.1,30.0,31.66,465.9,0.319
1017,resident,developer,13612.57,14364.46,30.0,31.66,453.8,0.319
1024,resident,developer,19790.62,20883.76,30.0,31.66,659.7,0.319
1029,resident,developer,15001.67,15830.29,30.0,31.66,500.1,0.319
1034,resident,developer,9950.4,10500.02,30.0,31.66,331.7,0.319
1037,resident,developer,9649.5,10182.49,30.0,31.66,321.6,0.319
853,resident,developer,11324.52,14937.54,24.0,31.66,471.9,0.3138
4,resident,developer,9606.4,10137.02,30.0,31.66,320.2,0.3119
42,resident,developer,14642.46,15451.24,30.0,31.66,488.1,0.3119
119,resident,developer,10339.47,10910.57,30.0,31.66,344.6,0.3119
124,resident,developer,11501.3,12136.57,30.0,31.66,383.4,0.3119
125,resident,developer,11383.32,12012.08,30.0,31.66,379.4,0.3119
512,resident,developer,12959.56,13675.38,30.0,31.66,432.0,0.3119
527,resident,developer,11264.33,11886.51,30.0,31.66,375.5,0.3119
662,resident,developer,11309.37,11934.05,30.0,31.66,377.0,0.3119
664,resident,developer,12275.39,12953.43,30.0,31.66,409.2,0.3119
1028,resident,developer,11073.86,11685.53,30.0,31.66,369.1,0.3119
5,resident,developer,1398.06,3688.21,12.0,31.66,116.5,0.3105
15,resident,developer,5314.08,14019.0,12.0,31.66,442.8,0.3105
22,resident,developer,3970.12,10473.52,12.0,31.66,330.8,0.3105
26,resident,developer,2291.25,6044.53,12.0,31.66,190.9,0.3105
32,resident,developer,2431.82,6415.36,12.0,31.66,202.7,0.3105
33,resident,developer,2510.17,6622.05,12.0,31.66,209.2,0.3105
37,resident,developer,1837.4,4847.22,12.0,31.66,153.1,0.3105
47,resident,developer,5381.23,14196.17,12.0,31.66,448.4,0.3105
59,resident,developer,1585.49,4182.67,12.0,31.66,132.1,0.3105
62,resident,developer,2826.95,7457.75,12.0,31.66,235.6,0.3105
126,resident,developer,1339.74,3534.34,12.0,31.66,111.6,0.3105
130,resident,developer,2517.62,6641.71,12.0,31.66,209.8,0.3105
133,resident,developer,2185.87,5766.51,12.0,31.66,182.2,0.3105
140,resident,developer,2264.21,5973.18,12.0,31.66,188.7,0.3105
145,resident,developer,659.82,1740.65,12.0,31.66,55.0,0.3105
164,resident,developer,10404.26,27447.37,12.0,31.66,867.0,0.3105
179,resident,developer,2551.75,6731.75,12.0,31.66,212.6,0.3105
212,resident,developer,5660.92,14934.01,12.0,31.66,471.7,0.3105
223,resident,developer,1914.48,5050.57,12.0,31.66,159.5,0.3105
234,resident,developer,12682.85,33458.49,12.0,31.66,1056.9,0.3105
235,resident,developer,15746.8,41541.44,12.0,31.66,1312.2,0.3105
237,resident,developer,25991.85,68568.79,12.0,31.66,2166.0,0.3105
304,resident,developer,56206.52,148277.77,12.0,31.66,4683.9,0.3105
306,resident,developer,1234.1,3255.67,12.0,31.66,102.8,0.3105
314,resident,developer,1931.89,5096.49,12.0,31.66,161.0,0.3105
323,resident,developer,3067.68,8092.82,12.0,31.66,255.6,0.3105
326,resident,developer,1461.85,3856.49,12.0,31.66,121.8,0.3105
353,resident,developer,4155.6,10962.85,12.0,31.66,346.3,0.3105
355,resident,developer,6758.71,17830.07,12.0,31.66,563.2,0.3105
359,resident,developer,2158.2,5693.52,12.0,31.66,179.8,0.3105
390,resident,developer,1507.35,3976.53,12.0,31.66,125.6,0.3105
393,resident,developer,2267.43,5981.68,12.0,31.66,189.0,0.3105
405,resident,developer,5491.46,14486.95,12.0,31.66,457.6,0.3105
418,resident,developer,2449.74,6462.62,12.0,31.66,204.1,0.3105
422,resident,developer,1877.33,4952.55,12.0,31.66,156.4,0.3105
448,resident,developer,3827.14,10096.32,12.0,31.66,318.9,0.3105
451,resident,developer,3222.07,8500.12,12.0,31.66,268.5,0.3105
480,resident,developer,3890.11,10262.46,12.0,31.66,324.2,0.3105
521,resident,developer,1654.82,4365.55,12.0,31.66,137.9,0.3105
534,resident,developer,3641.69,9607.11,12.0,31.66,303.5,0.3105
547,resident,developer,4883.73,12883.72,12.0,31.66,407.0,0.3105
558,resident,developer,1613.04,4255.33,12.0,31.66,134.4,0.3105
581,resident,developer,3939.47,10392.67,12.0,31.66,328.3,0.3105
583,resident,developer,2875.62,7586.14,12.0,31.66,239.6,0.3105
585,resident,developer,2223.07,5864.65,12.0,31.66,185.3,0.3105
597,resident,developer,1545.3,4076.65,12.0,31.66,128.8,0.3105
600,resident,developer,7057.43,18618.13,12.0,31.66,588.1,0.3105
606,resident,developer,1410.38,3720.71,12.0,31.66,117.5,0.3105
633,resident,developer,3391.19,8946.27,12.0,31.66,282.6,0.3105
668,resident,developer,16976.46,44785.39,12.0,31.66,1414.7,0.3105
672,resident,developer,7854.64,20721.23,12.0,31.66,654.6,0.3105
761,resident,developer,1473.81,3888.05,12.0,31.66,122.8,0.3105
790,resident,developer,1885.88,4975.13,12.0,31.66,157.2,0.3105
806,resident,developer,2547.86,6721.48,12.0,31.66,212.3,0.3105
830,resident,developer,1743.93,4600.65,12.0,31.66,145.3,0.3105
845,resident,developer,3102.03,8183.42,12.0,31.66,258.5,0.3105
848,resident,developer,2101.28,5543.35,12.0,31.66,175.1,0.3105
854,resident,developer,1696.65,4475.91,12.0,31.66,141.4,0.3105
914,resident,developer,2574.78,6792.5,12.0,31.66,214.6,0.3105
915,resident,developer,2698.7,7119.4,12.0,31.66,224.9,0.3105
918,resident,developer,2773.14,7315.8,12.0,31.66,231.1,0.3105
951,resident,developer,3243.32,8556.17,12.0,31.66,270.3,0.3105
953,resident,developer,3950.45,10421.63,12.0,31.66,329.2,0.3105
963,resident,developer,1632.24,4306.0,12.0,31.66,136.0,0.3105
968,resident,developer,1380.95,3643.06,12.0,31.66,115.1,0.3105
995,resident,developer,1142.47,3013.94,12.0,31.66,95.2,0.3105
1001,resident,developer,2255.44,5950.06,12.0,31.66,188.0,0.3105
1008,resident,developer,1369.96,3614.08,12.0,31.66,114.2,0.3105
1011,resident,developer,2288.96,6038.48,12.0,31.66,190.7,0.3105
1027,resident,developer,1352.05,3566.83,12.0,31.66,112.7,0.3105
1058,resident,developer,1753.07,4624.75,12.0,31.66,146.1,0.3105
1061,resident,developer,3243.74,8557.28,12.0,31.66,270.3,0.3105
808,resident,developer,31996.64,31996.64,36.0,36.0,888.8,0.3
3,resident,developer,19437.56,19437.56,48.0,48.0,404.9,0.2929
6,resident,developer,17238.26,17238.26,42.0,42.0,410.4,0.2929
8,resident,developer,15392.78,15392.78,36.0,36.0,427.6,0.2929
12,resident,developer,32462.65,32462.65,42.0,42.0,772.9,0.2929
13,resident,developer,61698.49,61698.49,90.0,90.0,685.5,0.2929
14,resident,developer,22126.26,22126.26,42.0,42.0,526.8,0.2929
18,resident,developer,14782.83,14782.83,42.0,42.0,352.0,0.2929
21,resident,developer,18725.14,18725.14,42.0,42.0,445.8,0.2929
25,resident,developer,21142.19,21142.19,42.0,42.0,503.4,0.2929
27,resident,developer,19739.6,19739.6,36.0,36.0,548.3,0.2929
38,resident,developer,23278.66,23278.66,42.0,42.0,554.3,0.2929
44,resident,developer,20539.6,20539.6,36.0,36.0,570.5,0.2929
48,resident,developer,39637.0,39637.0,54.0,54.0,734.0,0.2929
49,resident,developer,15421.57,15421.57,36.0,36.0,428.4,0.2929
50,resident,developer,54054.06,54054.06,84.0,84.0,643.5,0.2929
53,resident,developer,78935.86,78935.86,126.0,126.0,626.5,0.2929
58,resident,developer,9087.5,9087.5,36.0,36.0,252.4,0.2929
74,resident,developer,12698.11,12698.11,36.0,36.0,352.7,0.2929
78,resident,developer,14709.72,14709.72,36.0,36.0,408.6,0.2929
79,resident,developer,15387.47,15387.47,36.0,36.0,427.4,0.2929
82,resident,developer,19708.19,19708.19,36.0,36.0,547.4,0.2929
87,resident,developer,61702.14,61702.14,48.0,48.0,1285.5,0.2929
88,resident,developer,21551.37,21551.37,36.0,36.0,598.6,0.2929
90,resident,developer,56144.53,56144.53,60.0,60.0,935.7,0.2929
91,resident,developer,26805.5,26805.5,36.0,36.0,744.6,0.2929
93,resident,developer,18034.67,18034.67,36.0,36.0,501.0,0.2929
96,resident,developer,41971.23,41971.23,36.0,36.0,1165.9,0.2929
97,resident,developer,7958.08,7958.08,36.0,36.0,221.1,0.2929
98,resident,developer,7132.03,7132.03,36.0,36.0,198.1,0.2929
99,resident,developer,10009.57,10009.57,36.0,36.0,278.0,0.2929
100,resident,developer,7280.23,7280.23,36.0,36.0,202.2,0.2929
101,resident,developer,9505.38,9505.38,36.0,36.0,264.0,0.2929
102,resident,developer,18771.52,18771.52,36.0,36.0,521.4,0.2929
103,resident,developer,7263.59,7263.59,36.0,36.0,201.8,0.2929
104,resident,developer,9954.24,9954.24,36.0,36.0,276.5,0.2929
105,resident,developer,7175.98,7175.98,36.0,36.0,199.3,0.2929
106,resident,developer,18279.06,18279.06,36.0,36.0,507.8,0.2929
107,resident,developer,7307.58,7307.58,36.0,36.0,203.0,0.2929
114,resident,developer,25879.87,25879.87,36.0,36.0,718.9,0.2929
115,resident,developer,22574.7,22574.7,36.0,36.0,627.1,0.2929
118,resident,developer,23235.56,23235.56,36.0,36.0,645.4,0.2929
131,resident,developer,117567.48,117567.48,144.0,144.0,816.4,0.2929
137,resident,developer,156526.04,156526.04,180.0,180.0,869.6,0.2929
141,resident,developer,15752.19,15752.19,66.0,66.0,238.7,0.2929
158,resident,developer,25000.4,25000.4,36.0,36.0,694.5,0.2929
160,resident,developer,20313.83,20313.83,36.0,36.0,564.3,0.2929
161,resident,developer,11040.59,11040.59,36.0,36.0,306.7,0.2929
162,resident,developer,22742.86,22742.86,36.0,36.0,631.7,0.2929
165,resident,developer,11247.88,11247.88,36.0,36.0,312.4,0.2929
166,resident,developer,39333.52,39333.52,60.0,60.0,655.6,0.2929
170,resident,developer,10882.35,10882.35,36.0,36.0,302.3,0.2929
171,resident,developer,20446.48,20446.48,36.0,36.0,568.0,0.2929
176,resident,developer,8684.76,8684.76,36.0,36.0,241.2,0.2929
178,resident,developer,80113.32,80113.32,114.0,114.0,702.7,0.2929
190,resident,developer,29660.56,29660.56,48.0,48.0,617.9,0.2929
191,resident,developer,18972.55,18972.55,48.0,48.0,395.3,0.2929
194,resident,developer,31162.81,31162.81,48.0,48.0,649.2,0.2929
209,resident,developer,7252.68,7252.68,36.0,36.0,201.5,0.2929
211,resident,developer,19843.28,19843.28,36.0,36.0,551.2,0.2929
214,resident,developer,74823.41,74823.41,132.0,132.0,566.8,0.2929
217,resident,developer,70609.33,70609.33,120.0,120.0,588.4,0.2929
240,resident,developer,30656.94,30656.94,54.0,54.0,567.7,0.2929
247,resident,developer,65683.77,65683.77,72.0,72.0,912.3,0.2929
280,resident,developer,16778.5,16778.5,36.0,36.0,466.1,0.2929
281,resident,developer,14531.47,14531.47,36.0,36.0,403.7,0.2929
285,resident,developer,22106.43,22106.43,36.0,36.0,614.1,0.2929
287,resident,developer,6284.25,6284.25,42.0,42.0,149.6,0.2929
298,resident,developer,165924.38,165924.38,120.0,120.0,1382.7,0.2929
307,resident,developer,35533.28,35533.28,42.0,42.0,846.0,0.2929
317,resident,developer,46694.97,46694.97,48.0,48.0,972.8,0.2929
339,resident,developer,64212.37,64212.37,108.0,108.0,594.6,0.2929
349,resident,developer,67299.15,67299.15,120.0,120.0,560.8,0.2929
350,resident,developer,63070.36,63070.36,36.0,36.0,1752.0,0.2929
357,resident,developer,38916.78,38916.78,36.0,36.0,1081.0,0.2929
380,resident,developer,27124.78,27124.78,72.0,72.0,376.7,0.2929
383,resident,developer,37547.15,37547.15,72.0,72.0,521.5,0.2929
388,resident,developer,36507.65,36507.65,72.0,72.0,507.1,0.2929
391,resident,developer,40392.24,40392.24,102.0,102.0,396.0,0.2929
392,resident,developer,15195.85,15195.85,36.0,36.0,422.1,0.2929
395,resident,developer,48635.22,48635.22,102.0,102.0,476.8,0.2929
396,resident,developer,8944.05,8944.05,42.0,42.0,213.0,0.2929
398,resident,developer,18863.54,18863.54,36.0,36.0,524.0,0.2929
403,resident,developer,39668.5,39668.5,36.0,36.0,1101.9,0.2929
406,resident,developer,19595.23,19595.23,48.0,48.0,408.2,0.2929
420,resident,developer,12844.23,12844.23,36.0,36.0,356.8,0.2929
437,resident,developer,13422.09,13422.09,36.0,36.0,372.8,0.2929
441,resident,developer,60539.58,60539.58,36.0,36.0,1681.7,0.2929
475,resident,developer,11456.52,11456.52,36.0,36.0,318.2,0.2929
481,resident,developer,13310.48,13310.48,36.0,36.0,369.7,0.2929
487,resident,developer,38325.22,38325.22,48.0,48.0,798.4,0.2929
489,resident,developer,26161.5,26161.5,48.0,48.0,545.0,0.2929
524,resident,developer,22966.82,22966.82,36.0,36.0,638.0,0.2929
542,resident,developer,20366.37,20366.37,36.0,36.0,565.7,0.2929
543,resident,developer,33392.94,33392.94,42.0,42.0,795.1,0.2929
550,resident,developer,22322.35,22322.35,42.0,42.0,531.5,0.2929
552,resident,developer,14937.76,14937.76,42.0,42.0,355.7,0.2929
554,resident,developer,44757.21,44757.21,36.0,36.0,1243.3,0.2929
556,resident,developer,23149.2,23149.2,36.0,36.0,643.0,0.2929
559,resident,developer,12897.45,12897.45,36.0,36.0,358.3,0.2929
560,resident,developer,32595.83,32595.83,36.0,36.0,905.4,0.2929
561,resident,developer,13810.23,13810.23,36.0,36.0,383.6,0.2929
587,resident,developer,12539.58,12539.58,48.0,48.0,261.2,0.2929
588,resident,developer,16956.92,16956.92,48.0,48.0,353.3,0.2929
591,resident,developer,23134.58,23134.58,66.0,66.0,350.5,0.2929
593,resident,developer,23219.58,23219.58,42.0,42.0,552.8,0.2929
595,resident,developer,80597.14,80597.14,96.0,96.0,839.6,0.2929
596,resident,developer,21643.62,21643.62,36.0,36.0,601.2,0.2929
601,resident,developer,30358.27,30358.27,78.0,78.0,389.2,0.2929
602,resident,developer,32756.96,32756.96,84.0,84.0,390.0,0.2929
603,resident,developer,31571.4,31571.4,84.0,84.0,375.9,0.2929
622,resident,developer,9546.55,9546.55,36.0,36.0,265.2,0.2929
624,resident,developer,10306.56,10306.56,36.0,36.0,286.3,0.2929
629,resident,developer,17260.81,17260.81,48.0,48.0,359.6,0.2929
632,resident,developer,59078.29,59078.29,42.0,42.0,1406.6,0.2929
635,resident,developer,115435.64,115435.64,120.0,120.0,962.0,0.2929
659,resident,developer,10733.49,10733.49,36.0,36.0,298.2,0.2929
661,resident,developer,10634.97,10634.97,36.0,36.0,295.4,0.2929
676,resident,developer,18141.91,18141.91,48.0,48.0,378.0,0.2929
678,resident,developer,28080.44,28080.44,60.0,60.0,468.0,0.2929
679,resident,developer,34617.15,34617.15,90.0,90.0,384.6,0.2929
680,resident,developer,33871.75,33871.75,72.0,72.0,470.4,0.2929
681,resident,developer,18718.42,18718.42,48.0,48.0,390.0,0.2929
682,resident,developer,18439.69,18439.69,48.0,48.0,384.2,0.2929
686,resident,developer,8460.76,8460.76,48.0,48.0,176.3,0.2929
689,resident,developer,8511.68,8511.68,48.0,48.0,177.3,0.2929
694,resident,developer,8512.24,8512.24,48.0,48.0,177.3,0.2929
696,resident,developer,8432.07,8432.07,48.0,48.0,175.7,0.2929
697,resident,developer,31904.37,31904.37,42.0,42.0,759.6,0.2929
701,resident,developer,8890.54,8890.54,48.0,48.0,185.2,0.2929
702,resident,developer,15576.0,15576.0,48.0,48.0,324.5,0.2929
703,resident,developer,16058.45,16058.45,42.0,42.0,382.3,0.2929
708,resident,developer,28860.03,28860.03,48.0,48.0,601.3,0.2929
709,resident,developer,8542.31,8542.31,48.0,48.0,178.0,0.2929
710,resident,developer,28109.94,28109.94,48.0,48.0,585.6,0.2929
711,resident,developer,20129.99,20129.99,48.0,48.0,419.4,0.2929
712,resident,developer,16316.72,16316.72,48.0,48.0,339.9,0.2929
713,resident,developer,18912.8,18912.8,48.0,48.0,394.0,0.2929
715,resident,developer,15325.99,15325.99,48.0,48.0,319.3,0.2929
716,resident,developer,16404.38,16404.38,48.0,48.0,341.8,0.2929
717,resident,developer,18342.77,18342.77,48.0,48.0,382.1,0.2929
718,resident,developer,21789.93,21789.93,48.0,48.0,454.0,0.2929
719,resident,developer,22153.84,22153.84,48.0,48.0,461.5,0.2929
720,resident,developer,21950.38,21950.38,48.0,48.0,457.3,0.2929
724,resident,developer,62601.95,62601.95,36.0,36.0,1738.9,0.2929
726,resident,developer,8112.39,8112.39,48.0,48.0,169.0,0.2929
727,resident,developer,18353.38,18353.38,48.0,48.0,382.4,0.2929
728,resident,developer,8075.87,8075.87,48.0,48.0,168.2,0.2929
730,resident,developer,16263.08,16263.08,42.0,42.0,387.2,0.2929
732,resident,developer,18116.75,18116.75,48.0,48.0,377.4,0.2929
734,resident,developer,23705.13,23705.13,48.0,48.0,493.9,0.2929
735,resident,developer,16003.26,16003.26,48.0,48.0,333.4,0.2929
736,resident,developer,13496.62,13496.62,48.0,48.0,281.2,0.2929
737,resident,developer,19004.84,19004.84,48.0,48.0,395.9,0.2929
739,resident,developer,18788.77,18788.77,48.0,48.0,391.4,0.2929
740,resident,developer,20261.14,20261.14,48.0,48.0,422.1,0.2929
742,resident,developer,18789.67,18789.67,48.0,48.0,391.5,0.2929
744,resident,developer,17025.71,17025.71,48.0,48.0,354.7,0.2929
746,resident,developer,17579.91,17579.91,48.0,48.0,366.2,0.2929
747,resident,developer,25874.2,25874.2,48.0,48.0,539.0,0.2929
749,resident,developer,23435.95,23435.95,48.0,48.0,488.2,0.2929
750,resident,developer,40206.75,40206.75,48.0,48.0,837.6,0.2929
751,resident,developer,18117.72,18117.72,48.0,48.0,377.5,0.2929
752,resident,developer,37647.36,37647.36,90.0,90.0,418.3,0.2929
753,resident,developer,34131.71,34131.71,90.0,90.0,379.2,0.2929
754,resident,developer,22641.09,22641.09,48.0,48.0,471.7,0.2929
755,resident,developer,36074.38,36074.38,48.0,48.0,751.5,0.2929
756,resident,developer,25405.12,25405.12,42.0,42.0,604.9,0.2929
757,resident,developer,22970.9,22970.9,48.0,48.0,478.6,0.2929
759,resident,developer,8773.72,8773.72,48.0,48.0,182.8,0.2929
760,resident,developer,35691.31,35691.31,90.0,90.0,396.6,0.2929
762,resident,developer,22766.21,22766.21,48.0,48.0,474.3,0.2929
764,resident,developer,46781.18,46781.18,102.0,102.0,458.6,0.2929
765,resident,developer,110587.12,110587.12,114.0,114.0,970.1,0.2929
